article_id,company_id,nbocc,note_haiku,note_gemini,note_llama3,note_mistral,note_queen,justification_haiku,justification_gemini,note_humaine
23858,2,2,0,2,0,0,2,"Fait concret négatif spécifique à Airbus : le groupe a abaissé ses objectifs de production pour l'A320. Bien que le groupe ait publié des résultats solides en 2025 avec une hausse de bénéfice net de 23%, l'abaissement des objectifs de production constitue une mauvaise nouvelle concrète qui explique la baisse du cours de -6,8%. Le signal négatif (réduction d'objectifs) prime sur le signal positif (résultats 2025 solides).","Le groupe a publié des résultats solides en 2025, avec un bénéfice net en hausse de 23% à 5,22 milliards d'euros, ce qui constitue un fait concret positif spécifique à l'entreprise.",
9147,2,12,0,2,0,0,0,"Plusieurs faits concrets négatifs spécifiques à Airbus sont identifiés : (1) Une faille logicielle affectant environ 6.000 avions A320 nécessitant des corrections d'urgence ; (2) Des problèmes de qualité industrielle chez un fournisseur affectant les panneaux de fuselage de l'A320, retardant certaines livraisons ; (3) L'action Airbus plonge de 10% le 1er décembre, la plus forte baisse du CAC 40 ; (4) Des annulations de vols estimées à 450 durant le week-end. Bien qu'Airbus déclare ne pas s'attendre à un impact financier significatif et que certains analystes soulignent la réactivité du groupe, ces éléments constituent des faits concrets négatifs documentés qui justifient une notation négative.","L'article, bien qu'il mentionne une chute de 10% de l'action Airbus et des problèmes opérationnels (faille logicielle, problème de qualité industrielle), fournit de nombreux faits concrets positifs. Airbus déclare ne pas s'attendre à un 'impact financier significatif' sur ses comptes. La quasi-totalité des modifications logicielles a été apportée rapidement, et la source du problème de qualité a été 'identifiée et maîtrisée', avec de nouveaux panneaux conformes. Des analystes comme Jefferies et Deutsche Bank estiment que le passif financier sera 'très minime, voire inexistant' (moins de 5 millions de dollars pour une partie des correctifs logiciels) et que l'impact sera 'contenu', louant la 'réponse massive et coordonnée' et la 'réactivité' d'Airbus.",
15716,10,14,0,1,0,0,0,"Fait concret négatif spécifique à NEXANS : annonce de retards significatifs sur le projet Great Sea Interconnector (1,4 milliard d'euros), avec impact sur la date de livraison. Cette mauvaise nouvelle explique la baisse du titre en Bourse (-2% à -5%). Bien que Nexans affirme que cela n'affectera pas ses objectifs 2028, le retard sur un contrat majeur remporté en 2023 constitue une nouvelle négative concrète pour l'entreprise.","L'article présente des faits concrets négatifs significatifs pour Nexans (retards sur un projet majeur, recul du titre en Bourse, révision à la baisse des objectifs d'EBITDA ajusté 2025). Cependant, ces éléments sont explicitement contrebalancés par des faits concrets positifs : l'entreprise affirme que les retards n'auront pas d'incidences sur ses objectifs 2028 grâce à un carnet de commandes solide et des actions proactives, l'objectif de génération de trésorerie 2025 est maintenu, et des analystes (Oddo BHF) placent Nexans parmi leurs valeurs favorites pour 2026, anticipant une poursuite de la croissance et une accélération en 2027/2028 grâce à sa transformation stratégique. Les signaux positifs et négatifs concrets s'annulent exactement dans l'évaluation globale.",
23727,27,7,0,1,1,1,2,"Fait concret négatif spécifique à EssilorLuxottica : l'action chute de 3,2% en réaction à l'annonce que Apple développe des smartglasses concurrentes (projet 'N50' avec lancement prévu en 2027). Bien que l'article mentionne des points positifs antérieurs (croissance record de 18,4% au Q4, ventes de 7 millions de smartglasses en 2025), le sentiment dominant et l'événement déclencheur de cet article est la menace concurrentielle d'Apple, qui provoque une baisse immédiate du cours. Les analystes (Bernstein notamment) expriment des préoccupations sur l'intensification de la concurrence et ses impacts durables sur le marché traditionnel des lunettes d'EssilorLuxottica.","L'article mentionne une chute de 3,2% de l'action EssilorLuxottica aujourd'hui en réaction à l'annonce d'Apple (fait concret négatif). Cependant, il rapporte également une croissance record de 18,4% hors effets de changes au quatrième trimestre, une hausse de plus de 268% des ventes de 'smartglasses' en 2025, et une précédente hausse de plus de 4% de l'action suite à ces résultats (faits concrets positifs). Ces éléments positifs et négatifs s'équilibrent.",
2868,5,18,0,2,0,1,0,"L'article mentionne plusieurs faits concrets négatifs spécifiques à BNP PARIBAS ACT.A : (1) Un verdict de jury populaire de New York reconnaissant BNP Paribas complice d'exaction avec dommages et intérêts de 20,75 millions de dollars ; (2) Une perte de 8% du cours de l'action le 20 octobre suite à ce verdict ; (3) Une perte de capitalisation boursière d'environ 8 milliards d'euros ; (4) Une dégradation de conseil par Barclays de 'sous-pondérer' à 'pondération en ligne' ; (5) Un risque potentiel de class action impliquant jusqu'à 23.000 réfugiés soudanais avec estimations de coûts jusqu'à 10 milliards de dollars. Bien que Jefferies maintienne un conseil 'achat' et juge la chute exagérée, ces éléments constituent des faits concrets négatifs majeurs pour l'entreprise.","Jefferies a ajusté son objectif de cours à 95 euros contre 94 euros précédemment, et Barclays a amélioré son conseil sur le titre de 'sous-pondérer' à 'pondération en ligne', ce qui constitue une note d'analyste améliorée.",
18456,34,3,0,1,0,1,0,"Fait concret négatif spécifique à ENGIE : Berenberg abaisse sa recommandation de 'acheter' à 'conserver', ce qui constitue une dégradation du conseil d'analyste. Bien que l'objectif de cours soit relevé (17,5 → 24,5 euros), la dégradation de la recommandation est un signal négatif concret qui prime dans l'évaluation du sentiment.","L'analyste Berenberg abaisse son conseil sur Engie de 'acheter' à 'conserver' (fait concret négatif), mais relève simultanément son objectif de cours de 17,5 euros à 24,5 euros (fait concret positif). Ces signaux positifs et négatifs s'annulent, résultant en un sentiment neutre.",
467,9,2,0,1,0,1,1,"Fait concret négatif spécifique à NEOEN identifié : 'le producteur d'énergies renouvelables Neoen a quitté la cote au printemps dernier après une offre de rachat de la société de capital-investissement canadienne Brookfield pour 6,1 milliards d'euros.' Le retrait de la cote est un événement négatif du point de vue de l'actionnaire boursier, bien que l'article contextualise cette opération comme une tendance générale du marché. La phrase suivante d'Invest Securities note également que 'la bourse a du mal à apprécier la valorisation des producteurs d'énergies renouvelables depuis la hausse des taux', ce qui renforce le caractère négatif du contexte ayant conduit au retrait.","La phrase identifiée est : ""À titre d'exemple: le producteur d'énergies renouvelables Neoen a quitté la cote au printemps dernier après une offre de rachat de la société de capital-investissement canadienne Brookfield pour pour 6,1 milliards d'euros."" Cette phrase décrit un fait concret (le retrait de la cote et le montant de l'acquisition) mais ne contient pas d'information explicitement positive (hausse de résultat, contrat gagné, etc.) ou négative (baisse, perte, amende, etc.) concernant la performance ou les perspectives de Neoen. Le retrait de la cote est présenté dans l'article comme une décision stratégique aux motivations diverses, et le montant de l'acquisition n'est pas qualifié comme étant particulièrement bon ou mauvais pour l'entreprise ou ses actionnaires dans le contexte donné. La mention ultérieure de Neoen concerne l'impact de son rachat sur d'autres acteurs du secteur, et non sur Neoen elle-même.",
10680,27,7,0,1,0,0,1,"Fait concret négatif spécifique à EssilorLuxottica : l'action plonge de 5,3% (mentionné comme 'près de 5%' en titre et '5,3% en début d'après-midi' dans le corps), accusant la plus forte baisse du CAC 40. Cette baisse est directement liée à l'annonce du lancement en 2026 des lunettes d'IA de Google en partenariat avec Gentle Monster, qui intensifie la concurrence sur le segment des lunettes connectées où EssilorLuxottica était leader. Bernstein avertit également sur les 'menaces structurelles' pesant sur l'activité avec l'arrivée de nouveaux concurrents technologiques. Bien que Barclays juge la baisse 'exagérée', le fait concret dominant est la chute du cours boursier et l'intensification de la concurrence.","L'article mentionne une baisse concrète de 5,3% de l'action EssilorLuxottica suite à l'annonce de Google. Cependant, il cite également des faits concrets positifs tels que la croissance de 11,4% hors effets de changes au T3 2025 et une hausse de 12,98% de l'action sur une séance. De plus, des analystes comme Bank of America ont relevé leur opinion sur le titre, et Barclays juge la baisse actuelle 'exagérée' tout en prévoyant 4,5 milliards d'euros de revenus dans les 'wearables' à l'horizon 2030 et soulignant un 'solide avantage concurrentiel'. Ces signaux positifs et négatifs concrets s'annulent mutuellement dans l'évaluation globale présentée par l'article.",
28717,27,2,1,2,1,1,2,"La phrase mentionnant EssilorLuxottica ('EssilorLuxottica prolonge son accord de licence avec...') est tronquée et ne contient aucun fait concret identifiable. Le titre est incomplet et ne permet pas d'évaluer si cette prolongation d'accord est positive, négative ou simplement neutre. Absence de fait concret spécifique exploitable.","La phrase 'EssilorLuxottica prolonge son accord de licence' est un fait concret et spécifique à l'entreprise, indiquant la continuité et la stabilité de ses activités commerciales, ce qui est une nouvelle positive.",
5562,7,2,1,2,2,1,2,"Carrefour est mentionné une seule fois dans l'article : 'L'indice parisien est notamment tiré par Société Générale (+2,2%), Kering (+2,1%) et Carrefour (+2%).' Il s'agit d'une simple citation factuelle du mouvement de cours (+2%) dans un contexte de hausse générale du CAC 40. Aucun fait concret spécifique à Carrefour (résultats, contrat, annonce, dégradation, etc.) n'est mentionné. La hausse du cours est un mouvement de marché général lié à la rotation vers les actions européennes, non à une information spécifique à l'entreprise.",L'indice parisien est notamment tiré par [...] Carrefour (+2%).,
10390,2,2,1,2,1,1,1,"Airbus est mentionné uniquement dans le contexte du rachat de Spirit AeroSystems par Boeing : 'Boeing a annoncé lundi avoir finalisé le rachat de l'équipementier aéronautique Spirit AeroSystems après avoir cédé des actifs industriels, notamment à Airbus, pour obtenir le feu vert des régulateurs de la concurrence'. Il s'agit d'une simple mention factuelle du fait qu'Airbus a acquis certains actifs de Boeing dans le cadre de cette opération. Aucun fait concret spécifique à Airbus (résultat, contrat, amende, dégradation) n'est identifiable. La variation de cours (+0,3%) est un mouvement de marché non explicité. Absence de fait concret positif ou négatif spécifique à Airbus.","Airbus a reçu 'des actifs industriels' de Boeing dans le cadre de l'acquisition de Spirit AeroSystems, ce qui constitue un gain concret et spécifique pour l'entreprise.",
3973,19,2,1,0,1,1,1,"Sanofi est mentionné une seule fois dans l'article : 'Parmi les lanternes rouges, on trouve aujourd'hui Edenred (-3,4%) et Thales (-2,1%), suivie de près par Sanofi et Eurofins Scientific (-1,3% et -1,1% respectivement)'. Il s'agit d'une simple citation factuelle du mouvement de cours (-1,3%) dans un contexte de marché global, sans information spécifique à l'entreprise (pas de résultats, pas de contrat, pas d'annonce opérationnelle). C'est un mouvement de marché général sans catalyseur concret identifié pour Sanofi.","L'article mentionne que Sanofi fait partie des 'lanternes rouges' avec une baisse de '-1,3%', ce qui constitue un fait concret et spécifique de mauvaise nouvelle pour l'entreprise.",
9106,18,2,1,0,0,1,0,"SAFRAN est mentionné une seule fois dans l'article : 'L'indice parisien subit en outre les replis de Bureau Veritas (-2,9% après une dégradation de broker) ou encore des valeurs de la défense à l'instar de Thales et Safran (respectivement -2,6% et -1,4%)'. Cette mention rapporte uniquement un mouvement de cours (-1,4%) dans un contexte de repli général du marché et des valeurs de défense. Aucun fait concret spécifique à SAFRAN (contrat, résultat, dégradation d'analyste propre à l'entreprise, problème opérationnel) n'est identifié. Il s'agit d'une simple citation factuelle sans information substantielle sur l'entreprise elle-même.","La phrase mentionne un repli de l'action Safran de -1,4%, ce qui est un fait concret et spécifique négatif.",
2781,12,4,1,2,1,1,2,"Schneider Electric est mentionné deux fois : (1) 'Schneider Electric (-3,7%)' dans le contexte d'une baisse générale du CAC40 — simple mouvement de cours sans explication spécifique ; (2) 'Schneider Electric affiche un chiffre d'affaires du 3e trimestre 2025 en croissance de 4,4% à 9,72 milliards d'euros en données publiées (+9% en organique). La société confirme son objectif 2025 d'une croissance organique de l'EBITA ajusté entre +10% et +15%'. Ces faits sont objectivement positifs (croissance CA, confirmation d'objectifs ambitieux), MAIS ils sont immédiatement contredits par la baisse de -3,7% du titre le même jour. Les signaux positifs (résultats solides, objectifs confirmés) et négatif (cours en baisse) s'annulent exactement, rendant impossible une conclusion univoque. Absence de contexte explicatif de la déconnexion entre les bonnes données et la baisse du cours.","L'article indique que Schneider Electric affiche un chiffre d'affaires du 3e trimestre 2025 en croissance de 4,4% à 9,72 milliards d'euros en données publiées (+9% en organique). De plus, la société confirme son objectif 2025 d'une croissance organique de l'EBITA ajusté entre +10% et +15%, et d'une croissance organique de son chiffre d'affaires entre +7% et +10%. Ces éléments constituent des faits concrets et spécifiques de bonne nouvelle concernant la performance et les perspectives de l'entreprise. Bien que le titre ait baissé de -3,7% ce matin, les résultats financiers et les objectifs confirmés sont des indicateurs positifs fondamentaux qui l'emportent sur le mouvement de marché ponctuel.",
5762,15,2,1,2,2,1,1,"TotalEnergies est mentionné uniquement comme faisant partie du mouvement de marché général du CAC 40 : 'Seuls TotalEnergies et L'Oréal sont orientés à la hausse, avec des gains limités de respectivement 0,4% et 0,1%.' Il s'agit d'une simple citation factuelle du cours boursier dans un contexte de consolidation générale de l'indice, sans aucune information spécifique à l'entreprise (résultats, contrats, annonces, analyses). Le gain de 0,4% est un mouvement de marché général, non un fait concret positif propre à TotalEnergies.","TotalEnergies est mentionné comme étant orienté à la hausse avec un gain de 0,4%, ce qui est un fait concret et positif, d'autant plus que la majorité des autres valeurs de l'indice sont en baisse.",
15530,26,2,1,2,2,1,2,"Dassault Aviation est mentionnée une seule fois dans l'article : 'malgré les envolées des valeurs de la défense (Eurofins Scientific 6,7%, Thales 3,5%, Dassault Aviation 3%)'. Il s'agit d'une simple citation factuelle du mouvement de cours (+3%) dans un contexte de marché général. Aucun fait concret spécifique à Dassault Aviation n'est fourni (pas de contrat, pas de résultat, pas d'annonce d'analyste). La hausse du cours est présentée comme faisant partie d'une tendance sectorielle générale des valeurs de défense, sans information particulière sur l'entreprise elle-même.","L'article mentionne que 'Dassault Aviation 3%', indiquant une hausse de 3% du cours de l'action, ce qui est un fait concret et positif spécifique à l'entreprise.",
6739,19,2,1,0,1,1,1,"Sanofi est mentionné une seule fois dans l'article : 'Le CAC reste pénalisé par Kering -3,4%, Thalès -2,1%, Sanofi et Engie -1,5%'. Il s'agit d'une simple citation factuelle du mouvement de cours (-1,5%) dans un contexte de marché global, sans aucune information spécifique à l'entreprise (pas de résultat, pas de contrat, pas d'annonce, pas de décision d'analyste). C'est un mouvement de marché général listant plusieurs valeurs du CAC40 en baisse.","La phrase indique que 'Sanofi et Engie -1,5%', ce qui constitue un fait concret et spécifique d'une baisse de la valeur de l'action Sanofi, une mauvaise nouvelle.",
7164,24,5,1,0,0,1,1,"Thales est mentionné factuellement comme reculant de 2,7% et accusant un des plus forts replis du CAC 40. Cependant, ce mouvement de cours est une conséquence directe d'un contexte géopolitique général (négociations de paix en Ukraine) affectant l'ensemble du secteur de la défense européenne (-2,7% pour l'indice STOXX). Aucun fait concret spécifique à Thales (contrat, résultat, dégradation d'analyste, amende) n'est identifié. La baisse est un mouvement de marché sectoriel, non une nouvelle spécifique à l'entreprise.","L'article mentionne spécifiquement que 'Thales recule de 2,7%, accusant un des plus forts replis du CAC 40', ce qui constitue un fait concret et négatif concernant la performance boursière de l'entreprise.",
16716,3,4,1,2,2,1,2,"L'article mentionne plusieurs faits concrets sur Alstom en Espagne (7316 emplois générés, 400M€ de contribution au PIB, 530M€ d'achats auprès de fournisseurs locaux, investissements en numérisation et énergie solaire). Cependant, ces informations sont de nature descriptive et contextuelle (impact économique, présence locale) plutôt que des nouvelles concrètes positives ou négatives au sens financier strict (pas de hausse/baisse de résultats, pas de contrat gagné/perdu, pas de relèvement/abaissement d'objectifs, pas de dégradation). Le mouvement du titre (-0,16% aujourd'hui) est un simple mouvement de marché sans lien causal établi. L'absence de fait concret positif ou négatif spécifique justifie une notation NEUTRAL.","Alstom a généré 7316 emplois en Espagne lors du dernier exercice, dont 2917 postes directs, pour une contribution totale de 400 millions d'euros au PIB national. Le groupe a également réalisé des achats s'élevant à 530 millions d'euros auprès de près de 1000 fournisseurs locaux et a accru ses investissements dans la numérisation et la transition énergétique pour son site de Santa Perpètua.",
27598,13,2,1,2,2,1,1,"Soitec est mentionné avec une hausse de cours de 16%, mais l'article précise explicitement que 'les raisons restent encore assez mystérieuses' et attribue cette performance à une hypothèse spéculative (publication sur X d'un compte avec 100k abonnés annonçant une 'position importante'). Il n'existe aucun fait concret positif ou négatif spécifique à Soitec (pas d'annonce de résultats, contrat, objectif, ou événement d'entreprise). Le mouvement de cours est purement spéculatif et non fondé sur une information concrète relative à l'entreprise.","La phrase indique que 'Soitec qui grimpe de plus de 16%', ce qui constitue un fait concret et spécifique de hausse de la valeur du titre, une bonne nouvelle pour l'entreprise.",
4375,6,2,1,0,0,1,1,"Bureau Veritas est mentionné une seule fois dans l'article : 'La Bourse de Paris lâche 0,1%, à 7955 points, notamment freinée par Bureau Veritas, Edenred ou encore Veolia (qui cèdent environ 1,7% chacun).' Il s'agit d'une simple citation factuelle du mouvement de cours (-1,7%) dans un contexte de baisse générale du marché. Aucun fait concret spécifique à Bureau Veritas (résultats, contrat, amende, dégradation d'analyste, etc.) n'est fourni. La baisse est attribuée au contexte macroéconomique général (décrochage de Wall Street, questionnements sur la Fed), non à une information propre à l'entreprise.","La phrase identifiée indique que Bureau Veritas est 'freinée' et 'cède environ 1,7%', ce qui constitue un fait concret et spécifique de baisse de la valeur de l'action.",
25351,34,3,1,0,2,1,1,"ENGIE a annoncé le lancement d'une augmentation de capital de 3 milliards d'euros pour financer l'acquisition de UK Power Networks. Il s'agit d'un fait concret spécifique à ENGIE, mais il n'est ni intrinsèquement positif ni négatif : une augmentation de capital est une action stratégique neutre en soi. L'acquisition elle-même pourrait être positive, mais le texte ne fournit aucune information sur sa valeur, ses synergies attendues, ou son impact financier. C'est une simple annonce factuelle sans évaluation de bonne ou mauvaise nouvelle.","Le groupe a annoncé le 'lancement d'une augmentation de capital d'environ 3 milliards d'euros, avec suppression du droit préférentiel de souscription des actionnaires'. Cette suppression implique une dilution pour les actionnaires existants, ce qui constitue un fait concret négatif.",
22367,27,9,1,2,2,1,2,"L'article contient plusieurs faits concrets sur EssilorLuxottica, mais ils se compensent exactement : (1) POSITIF : chiffre d'affaires en hausse de 11,2% à taux de change constants, accélération au Q4 (18,4%), ventes de lunettes IA à 7M+ d'unités, cash-flow libre record de 2,8Md€, dépassement des attentes sur le CA et le résultat opérationnel ajusté, augmentation du dividende. (2) NÉGATIF : bénéfice net en repli de 1,9%, marge opérationnelle ajustée en baisse de 70 points de base due aux droits de douane américains et à la concurrence des lunettes IA. Les signaux positifs (croissance, cash-flow, dépassement des consensus) et négatifs (baisse du bénéfice net, compression des marges) s'annulent, justifiant une notation NEUTRAL.","Le groupe a dégagé un cash-flow libre record de 2,8 milliards d'euros, en hausse de 400 millions d'euros par rapport à l'année précédente. De plus, les ventes du quatrième trimestre ont progressé de 18,4% à taux de change constants, dépassant nettement la croissance de 10,7% attendue par le consensus FactSet.",
19940,12,2,1,2,2,1,2,"Schneider Electric est mentionné une seule fois : 'malgré les bonnes performances de Schneider Electric (2,57%)'. Il s'agit d'une simple citation du mouvement de cours boursier (+2,57%) sans aucun fait concret spécifique à l'entreprise (pas de résultats publiés, pas de contrat, pas d'annonce stratégique). Le ton est positif mais il n'existe aucun fondamental concret justifiant cette hausse. C'est un mouvement de marché factuel sans information substantielle sur Schneider Electric.","L'article mentionne 'les bonnes performances de Schneider Electric ( 2,57%)', indiquant une hausse concrète et spécifique de 2,57% du cours de l'action, ce qui est un fait positif.",
17257,5,7,1,2,2,1,1,"L'article mentionne 'Bnp Paribas' dans un tableau listant les valeurs ayant atteint leur plus haut niveau sur 5 ans (cours de 87,88€, variation +99,68%). Cependant, il s'agit d'une simple citation factuelle dans un tableau de données de marché sans aucun fait concret spécifique à BNP PARIBAS ACT.A (pas d'annonce de résultats, de contrat, de décision stratégique, etc.). Le contexte est purement informatif et statistique. Aucun élément positif ou négatif spécifique à l'entreprise n'est identifiable au-delà du mouvement de cours.","L'article indique que 'Bnp Paribas' a atteint son 'plus haut niveau de valorisation sur une période de 5 ans' avec une 'Variation sur 5 ans' de 99,68%, ce qui est un fait concret et positif.",
7118,21,8,1,2,2,1,2,"Capgemini est mentionné une seule fois dans l'article : 'tirée par Capgemini (+3,5%)'. Cette mention rapporte uniquement une hausse de cours de +3,5% sans aucun fait concret spécifique à l'entreprise (pas de résultat, contrat, objectif, ou note d'analyste). Il s'agit d'un simple mouvement de marché/cotation sans information fondamentale. Aucun fait concret positif ou négatif n'est identifiable pour Capgemini.","L'article mentionne que la Bourse de Paris a été 'tirée par Capgemini (+3,5%)', indiquant une hausse concrète et spécifique de 3,5% du cours de l'action de l'entreprise.",
14565,5,4,1,2,1,1,1,"BNP Paribas est mentionné une seule fois dans l'article : 'les valeurs bancaires comme Société générale (+1,79%), BNP Paribas (+1,32%) et Crédit Agricole (+1,14%) sont en tête du CAC 40.' Il s'agit d'une simple citation factuelle du mouvement de cours (+1,32%) dans un contexte de hausse générale du secteur bancaire européen. Aucun fait concret spécifique à BNP Paribas (résultat, contrat, amende, dégradation, etc.) n'est mentionné. La hausse est attribuée au secteur bancaire dans son ensemble, non à une action particulière de l'entreprise.","Le fait concret positif est que 'BNP Paribas (+1,32%)' est mentionné comme étant en hausse et 'en tête du CAC 40', ce qui est une bonne nouvelle spécifique à l'entreprise.",
7919,28,2,1,2,2,2,2,"Saint-Gobain est mentionné une seule fois dans l'article : 'avec le soutien de Saint-Gobain (+4,2%)'. Il s'agit d'une simple citation factuelle du mouvement de cours de l'action (+4,2%) dans le contexte d'une hausse générale du CAC 40. Aucun fait concret spécifique à Saint-Gobain n'est fourni (pas d'annonce de résultats, de contrat, de changement de note d'analyste, ou d'événement corporate). La mention relève uniquement du mouvement de marché général sans information substantielle sur l'entreprise elle-même.","L'article mentionne que l'indice parisien a été soutenu par 'Saint-Gobain (+4,2%)', ce qui est un fait concret et spécifique de hausse de la valeur de l'action, constituant une bonne nouvelle.",
16007,13,6,1,0,2,1,1,"L'article mentionne Soitec Silicon uniquement dans un contexte de volumes d'échanges anormaux (+153% par rapport aux 5 séances précédentes). Il s'agit d'une observation purement technique/statistique de marché sans aucun fait concret positif ou négatif spécifique à l'entreprise (pas de résultat, contrat, amende, dégradation, etc.). La variation de cours du jour (-0,69%) est un simple mouvement de marché non explicité. Aucune information fondamentale n'est fournie.","L'article mentionne un fait concret négatif pour SOITEC : 'Variation jour -0,69%', indiquant une baisse du cours de l'action sur la journée.",
26344,2,2,1,0,0,2,1,"L'article mentionne Airbus uniquement dans le contexte du programme SCAF (Système de combat aérien du futur), où le PDG de Dassault Aviation critique Airbus pour ne pas respecter l'équation du programme et l'accuse de ne pas vouloir travailler avec Dassault. Cependant, aucun fait concret spécifique à Airbus n'est identifié : pas de chiffres financiers, pas de contrat perdu, pas de dégradation de note d'analyste, pas d'amende ou de procès contre Airbus. Il s'agit uniquement de déclarations conflictuelles entre deux dirigeants concernant un programme en arrêt. L'absence de faits concrets négatifs ou positifs spécifiques à Airbus justifie une notation NEUTRAL.","Le programme SCAF, dans lequel Airbus est impliqué, « semble désormais totalement à l'arrêt (sinon enterré) en raison des bisbilles entre les deux industriels », et le PDG de Dassault Aviation accuse directement Airbus de ne pas respecter l'équation du début et de ne pas vouloir travailler, le qualifiant d'« agressif » et d'« arrogant ». Il s'agit d'un fait concret négatif concernant l'échec d'un programme stratégique majeur et la détérioration des relations avec un partenaire clé.",
7881,15,2,1,2,2,1,2,"TotalEnergies est mentionnée avec un fait concret : 'sa filiale TotalEnergies EP Nigeria a finalisé la cession de sa participation non opérée de 12,5% dans le contrat de partage de production OML118 pour un montant total de 510 millions USD.' Cependant, ce fait est neutre : il s'agit d'une cession d'actif (désinvestissement) sans contexte évaluatif clair. Aucun élément du texte ne qualifie cette transaction comme positive (amélioration stratégique, prix favorable) ou négative (perte, dégradation). C'est une simple annonce factuelle de restructuration de portefeuille sans signal concret positif ou négatif spécifique à la performance ou la situation de TotalEnergies.","TotalEnergies annonce que sa filiale TotalEnergies EP Nigeria a finalisé la cession de sa participation non opérée de 12,5% dans le contrat de partage de production OML118... pour un montant total de 510 millions USD. Il s'agit d'un fait concret et spécifique à TotalEnergies, représentant un apport de trésorerie significatif.",
8319,5,4,1,2,2,1,1,"BNP Paribas est mentionné une seule fois dans l'article : 'aidée par Pernod Ricard (+2,4%) et BNP Paribas (+1,4%)'. Il s'agit d'une simple citation factuelle du mouvement de cours (+1,4%) dans un contexte de marché général (évolution du CAC40). Aucun fait concret spécifique à BNP Paribas ACT.A n'est identifié (pas de résultat, contrat, amende, dégradation, relèvement d'objectif, etc.). La mention est purement descriptive du mouvement de marché du jour, sans information fondamentale positive ou négative propre à l'entreprise.","L'article mentionne que 'BNP Paribas (+1,4%)' a aidé la Bourse de Paris, ce qui constitue un fait concret et spécifique de hausse du cours de l'action pour BNP Paribas.",
15035,18,2,1,2,2,1,1,"Safran est mentionné une seule fois dans l'article : 'L'indice parisien s'arroge 0,7%, vers 8.205 points, soutenu par STMicro ( 4%), Airbus ( 2,5%) ou encore Safran ( 3%).' Il s'agit d'une simple citation du mouvement de cours (+3%) dans un contexte de hausse générale du CAC40. Aucun fait concret spécifique à Safran n'est fourni (pas de contrat, pas de résultat, pas d'annonce d'entreprise). La mention est purement factuelle et reflète un mouvement de marché général sans information substantielle sur l'entreprise elle-même.","La phrase indique que l'indice parisien est 'soutenu par... Safran ( 3%)', ce qui est un fait concret et spécifique d'une hausse de 3% du cours de l'action Safran, constituant une bonne nouvelle.",
15694,27,4,1,0,2,1,2,"EssilorLuxottica est mentionnée avec un rebond de 5,2% et une hausse de cours positive. Cependant, l'article présente simultanément des faits concrets négatifs spécifiques : (1) report du lancement mondial des lunettes Ray-Ban en Europe, (2) Meta limite intentionnellement les ventes en raison de contraintes d'approvisionnement, (3) les lunettes connectées sont vendues à perte selon des spécialistes du secteur. Ces signaux positifs (hausse de cours) et négatifs (problèmes opérationnels et commerciaux concrets) s'annulent exactement, justifiant une notation NEUTRAL.","Bien qu'EssilorLuxottica ait vu son cours de bourse s'arroger 5,2%, l'article mentionne plusieurs faits concrets négatifs et spécifiques à l'entreprise concernant les lunettes connectées Ray-Ban : un ""report du lancement mondial sur le Vieux Continent"", des ""contraintes d'approvisionnement"" qui limitent les ventes, et surtout que ""l'entreprise vend ces lunettes connectées à perte"". Ces faits concrets négatifs, notamment la vente à perte, ne sont pas annulés par la hausse du cours de bourse, qui est présentée comme une réaction à un 'engouement' immédiatement nuancé par ces problèmes opérationnels et de rentabilité.",
4975,21,4,1,2,1,1,2,"Capgemini est mentionné uniquement dans le contexte d'un mouvement de marché général : '+3,2% pour Capgemini' dans la liste des valeurs du CAC 40 en hausse. Cette mention est purement factuelle et liée à la dynamique boursière du jour (optimisme sur la fin du shutdown américain), sans aucun fait concret spécifique à Capgemini (pas de résultat, contrat, objectif, ou événement d'entreprise). Il s'agit d'une citation dans un mouvement de marché global, sans information substantielle sur l'entreprise elle-même.","La phrase indique un gain de +3,2% pour Capgemini, ce qui est un fait concret et spécifique de performance positive pour l'entreprise.",
7719,24,4,1,2,2,1,1,"Deux mentions de Thales identifiées : (1) baisse de -1,5% du cours, présentée comme conséquence d'un mouvement sectorialisé de défense lié à l'esquisse d'un plan de paix ukrainien (facteur externe, non spécifique à Thales) ; (2) annonce d'un partenariat stratégique pour la modernisation de trois porte-hélicoptères amphibies de la Marine nationale française. Le partenariat est un fait concret, mais il est présenté de manière factuelle neutre sans qualification positive (pas de hausse de résultat, pas de relèvement d'objectif, pas de note d'analyste améliorée). La baisse de cours est expliquée par des facteurs macroéconomiques externes (contexte géopolitique) plutôt que par une mauvaise nouvelle spécifique à l'entreprise. Les signaux positifs (contrat) et négatifs (baisse de cours due à des facteurs externes) s'annulent, justifiant une notation NEUTRAL.","Thales annonce un partenariat stratégique avec CNN MCO, entité d'Equans France, et CS Group, filiale de Sopra Steria, pour la modernisation de trois porte-hélicoptères amphibies (PHA) de la Marine nationale française. Il s'agit d'un fait concret et spécifique à THALES qui est une bonne nouvelle (contrat gagné/partenariat stratégique).",
2323,10,11,1,2,2,1,1,"L'article mentionne plusieurs faits concernant Nexans : un changement de directeur général, le départ du directeur financier, et la confirmation d'objectifs 2028 (hausse de 350M€ d'Ebitda ajusté, rentabilité >20%, investissements 1,2Md€). Cependant, aucun de ces éléments ne constitue un fait concret positif ou négatif spécifique à l'entreprise au sens de l'analyse. Le changement de DG a provoqué une chute de -9,26% hier, mais Nexans a confirmé qu'aucun problème opérationnel, contractuel ou comportemental n'en était à l'origine. Les analystes (UBS, Deutsche Bank) restent à l'Achat avec des objectifs inchangés ou confirmés. La hausse de +3,14% d'aujourd'hui est un simple rebond technique après la chute de la veille. Les objectifs 2028 sont des annonces antérieures (novembre 2024) réaffirmées, non des nouvelles concrètes. L'absence de problème opérationnel confirmée annule le signal négatif du changement de direction. Aucun fait concret positif ou négatif nouveau n'émerge de cet article.","L'article mentionne plusieurs faits concrets positifs pour Nexans : le groupe affiche une 'trésorerie nette positive après deux cessions cette année', vise 'une hausse de 350 millions d'euros de l'Ebitda ajusté entre 2024 et 2028' et 'anticipe également une rentabilité des capitaux employés supérieure à 20%'. De plus, UBS et Deutsche Bank maintiennent leur recommandation 'Achat' avec des objectifs de cours supérieurs au prix actuel, malgré les changements de direction.",
14532,30,3,1,2,1,1,1,"L'article mentionne un franchissement de seuil de participation par Amiral Gestion (5% des droits de vote d'Aubay) suite à une acquisition d'actions. Il s'agit d'un fait factuel concernant Aubay, mais c'est une information purement administrative et réglementaire (déclaration à l'AMF). Aucun élément concret positif (hausse de résultats, contrat, relèvement d'objectif) ni négatif (baisse, amende, avertissement) n'est présent. Le changement de participation d'un investisseur n'est pas en soi une bonne ou mauvaise nouvelle pour la performance d'Aubay.","Amiral Gestion a franchi en hausse le seuil de 5% des droits de vote d'Aubay, au résultat d'une acquisition d'actions sur le marché, ce qui est un fait concret positif indiquant une confiance accrue d'un investisseur majeur.",
10885,3,4,1,0,0,1,1,"Alstom est mentionné avec un fait chiffré (Goldman Sachs remonte son cours cible de 18 euros à 19,50 euros), mais la recommandation reste à la vente. Il n'y a pas de fait concret positif ou négatif spécifique à l'entreprise elle-même (pas de résultat, contrat, amende, etc.) — uniquement un ajustement technique d'objectif de cours par un analyste, qui ne constitue pas une bonne ou mauvaise nouvelle substantielle pour Alstom. Les signaux sont mixtes (hausse de cible mais maintien de la vente) et ne permettent pas de conclure à un sentiment clairement positif ou négatif.","Goldman Sachs maintient sa recommandation à la vente pour Alstom. Bien que le cours cible ait été relevé, le maintien d'une recommandation de vente constitue un fait concret et spécifique négatif.",
16146,13,5,1,0,2,1,1,"L'article mentionne plusieurs faits concernant Soitec, mais ils se neutralisent : d'un côté, un signal POSITIF concret (nomination de Laurent Rémont saluée par les investisseurs, progression de 8% du titre), de l'autre, des signaux NÉGATIFS concrets (chute de 73% de la capitalisation en 2025, succession d'avertissements sur résultats, baisse anticipée des ventes en 2026, contraction des marges, faiblesse du fab loading). L'article conclut que 'la situation de la société demeure spéculative' et que 'cette nomination ne modifie pas à court terme les fondamentaux opérationnels'. Les éléments positifs et négatifs s'annulent exactement, justifiant une notation NEUTRAL.","L'article mentionne des faits concrets négatifs spécifiques à SOITEC : 'une succession d’avertissements sur résultats et une chute de près de 73% de la capitalisation boursière' et 'Les analystes anticipent une poursuite de la baisse des ventes sur l’exercice 2026, avec une contraction marquée des marges'.",
27417,5,4,1,2,2,1,1,"BNP Paribas est mentionné une seule fois dans l'article : 'devant les banques Société Générale (5,6%) et BNP Paribas (4,1%)'. Cette mention rapporte uniquement une hausse de cours de 4,1% dans un contexte de marché général positif lié à la baisse du pétrole. Il n'y a aucun fait concret spécifique à BNP Paribas ACT.A (résultats, contrat, note d'analyste, stratégie, etc.). La hausse est un mouvement de marché général bénéficiant aux banques du fait de la détente géopolitique, non une information spécifique à l'entreprise.","BNP Paribas a bondi de 4,1%, ce qui constitue un fait concret et positif de performance boursière pour l'entreprise.",
4419,16,2,1,2,2,1,1,"La mention 'Veolia 'en ligne avec ses objectifs annuels' à fin ...' est une citation tronquée sans détail concret. Aucun fait spécifique n'est fourni : pas de chiffre de résultat, pas de confirmation d'objectif précis, pas de contexte permettant d'évaluer si cette information est positive ou négative. Il s'agit d'une simple référence sans substance factuelle exploitable.","Le fait concret identifié est que Veolia est 'en ligne avec ses objectifs annuels', ce qui est une bonne nouvelle confirmant la performance attendue de l'entreprise.",
4375,16,2,1,0,0,1,1,"Veolia est mentionnée une seule fois dans l'article : 'notamment freinée par Bureau Veritas, Edenred ou encore Veolia (qui cèdent environ 1,7% chacun)'. Cette mention rapporte uniquement un mouvement de cours (-1,7%) dans un contexte de repli général du marché (CAC 40 en baisse de 0,1%). Aucun fait concret spécifique à Veolia (résultats, contrat, amende, etc.) n'est fourni. Il s'agit d'une simple citation factuelle sans information particulière sur l'entreprise elle-même.","La phrase indique que Veolia 'cède environ 1,7%', ce qui est un fait concret et spécifique de baisse de la valeur de l'action de l'entreprise.",
11041,21,4,1,2,2,1,2,"CapGemini est mentionné une seule fois dans l'article : 'puis CapGemini avec 4,5%'. Cette mention fait référence à une hausse de cours de 4,5% dans le contexte d'une journée haussière générale du marché européen. Cependant, il ne s'agit que d'un mouvement de prix sans aucun fait concret spécifique à CapGemini (pas d'annonce de résultats, de contrat, de relèvement d'objectif, ou d'événement particulier). La hausse est présentée comme faisant partie d'une dynamique de marché générale favorable aux valeurs françaises, non comme une nouvelle spécifique à l'entreprise.","La phrase 'CapGemini avec 4,5%' indique une hausse de 4,5% du cours de l'action CapGemini, ce qui est un fait concret et positif.",
4972,21,4,1,2,2,1,2,"Capgemini est mentionné une seule fois dans l'article : '+4,1% pour Capgemini' dans le contexte d'une hausse générale du CAC40. Il s'agit d'un simple mouvement de cours boursier sans aucun fait concret spécifique à l'entreprise (pas d'annonce de résultats, contrat, relèvement d'objectif, ou événement particulier). La mention s'inscrit dans un contexte de marché global positif (notamment tiré par les banques) et ne fournit aucune information substantielle sur Capgemini elle-même.","La phrase 'la Bourse de Paris accroit ses gains et se hisse vers 8.075 (+1,5 à +1,6%) notamment tirée par les banques avec +4% pour Société Générale, +3,7% pour Kering et +4,1% pour Capgemini' mentionne une hausse concrète et spécifique de +4,1% pour Capgemini, ce qui est une bonne nouvelle pour l'entreprise et ses actionnaires.",
11043,7,2,1,2,2,1,1,"Carrefour est mentionné une seule fois dans l'article : 'CapGemini et Carrefour (3,1%)'. Cette mention indique que le titre a progressé de 3,1% dans une séance haussière du CAC40, mais il s'agit d'une simple citation factuelle du mouvement de cours sans aucune information spécifique, concrète et substantielle concernant l'entreprise elle-même (pas de résultat, pas de contrat, pas d'annonce stratégique, pas de dégradation). C'est un mouvement de marché général lié à la performance du secteur et à la conjoncture macroéconomique favorable (baisse des taux de la Fed), non une nouvelle spécifique à Carrefour.","La phrase identifiée mentionne un fait concret et positif pour Carrefour : 'Carrefour ( 3,1%)', indiquant une hausse de 3,1% de son cours de bourse.",
12244,15,2,1,2,1,1,1,"TotalEnergies est mentionné une seule fois : 'Les valeurs liées aux matières premières progressent également dans le sillage de la montée des cours pétroliers: Shell et BP gagnent respectivement 2,22% et 2,31%, tandis que TotalEnergies avance de 1,8%.' Il s'agit d'une simple citation factuelle du mouvement de cours (+1,8%) dans un contexte de hausse générale des cours pétroliers due aux tensions géopolitiques au Venezuela. Aucun fait concret spécifique à TotalEnergies (résultats, contrat, objectif, amende, etc.) n'est mentionné. La hausse du titre est un effet indirect de la hausse des matières premières, non une nouvelle spécifique à l'entreprise.","La phrase identifiée est : 'Les valeurs liées aux matières premières progressent également dans le sillage de la montée des cours pétroliers: Shell et BP gagnent respectivement 2,22% et 2,31%, tandis que TotalEnergies avance de 1,8%.' Le fait concret et spécifique à TotalEnergies est que son action 'avance de 1,8%', ce qui constitue une bonne nouvelle pour l'entreprise et ses actionnaires.",
9112,24,2,1,0,1,1,0,"Thales est mentionné une seule fois dans l'article : 'L'indice parisien doit aussi composer avec les replis de Bureau Veritas (-2,3% après une dégradation de broker) ou encore des valeurs de la défense à l'instar de Thales et Safran (respectivement -2,3% et -1,6%).' Il s'agit d'une simple citation factuelle du mouvement de cours (-2,3%) dans un contexte de marché général attentiste. Aucun fait concret spécifique à Thales (contrat, résultat, amende, dégradation d'analyste, etc.) n'est mentionné. Le repli est présenté comme un mouvement de marché général affectant les valeurs de défense, sans information particulière sur l'entreprise elle-même.","L'article mentionne un fait concret et spécifique à Thales qui est une mauvaise nouvelle : 'Thales et Safran (respectivement -2,3% et -1,6%)' indiquant un repli de 2,3% pour l'action Thales.",
9264,13,4,1,2,2,1,1,"L'article mentionne un franchissement de seuil de 5% du capital de Soitec par Goldman Sachs International via acquisition d'actions hors marché. Bien que cet événement soit factuel et spécifique à Soitec, il ne constitue ni une bonne nouvelle (hausse de résultat, contrat, relèvement d'objectif) ni une mauvaise nouvelle (baisse, perte, amende, dégradation). C'est un simple mouvement actionnarial sans impact opérationnel ou financier concret identifiable pour Soitec. Absence de fait concret positif ou négatif → NEUTRAL.","Goldman Sachs International a franchi en hausse le seuil de 5% du capital de Soitec, détenant désormais 5,0001% du capital, ce qui est un fait concret positif (acquisition d'actions par un investisseur institutionnel).",
2870,18,2,1,2,2,1,1,"La phrase mentionnant Safran ('Safran : Safran-Perspectives 2025 relevées, les activités de …') est tronquée et incomplète. Bien que le titre suggère un relèvement de perspectives (potentiellement positif), le texte ne fournit aucun fait concret, chiffre ou détail spécifique permettant de confirmer la nature et l'ampleur de cette annonce. Sans information complète et vérifiable, aucune évaluation positive ou négative ne peut être établie avec certitude.","La phrase 'Safran-Perspectives 2025 relevées' indique un fait concret et spécifique positif pour SAFRAN, à savoir le relèvement de ses perspectives pour l'année 2025.",
9112,18,2,1,0,1,1,0,"Safran est mentionné une seule fois dans l'article : 'des valeurs de la défense à l'instar de Thales et Safran (respectivement -2,3% et -1,6%)'. Il s'agit d'une simple citation factuelle du mouvement de cours (-1,6%) dans un contexte de repli général du marché et de l'indice CAC 40. Aucun fait concret spécifique à Safran (contrat, résultat, dégradation d'analyste, problème opérationnel) n'est mentionné. Le repli est présenté comme un mouvement de marché général affectant les valeurs de défense, sans information particulière sur l'entreprise elle-même.","La phrase indique que l'action Safran est en repli de -1,6%, ce qui constitue un fait concret et spécifique de mauvaise nouvelle pour l'entreprise.",
287,19,2,1,2,2,2,2,"Sanofi est mentionnée uniquement comme faisant partie du mouvement général de hausse du CAC 40 (+8,4%), sans aucun fait concret spécifique à l'entreprise (pas d'annonce de résultats, contrat, relèvement d'objectif ou événement particulier). La hausse du cours est attribuée au contexte macroéconomique général (chiffres de l'emploi US et perspectives de baisse des taux), non à une nouvelle spécifique à Sanofi. Il s'agit d'une simple citation dans un mouvement de marché global.","L'article mentionne que la Bourse de Paris a été 'tirée par Sanofi (+8,4%)', ce qui est un fait concret et spécifique d'une hausse significative du cours de l'action de l'entreprise.",
9261,5,4,1,2,1,1,1,"BNP Paribas est mentionnée deux fois : (1) 'le large soutien des banques avec 2,2% pour Société Générale et Bnp Paribas' - il s'agit d'une simple mention de mouvement de cours dans un contexte de marché général, sans fait concret spécifique à l'entreprise ; (2) 'BNP Paribas annonce intégrer un consortium désormais composé de dix banques européennes afin de développer un stablecoin adossé à l'euro' - il s'agit d'une annonce factuelle neutre (participation à un projet) sans élément positif ou négatif concret (pas de chiffre d'impact, pas d'évaluation de la pertinence stratégique). Aucun fait concret positif ou négatif identifiable.","BNP Paribas a enregistré une hausse de 2,2% de son cours de bourse, ce qui constitue un fait concret et spécifique de bonne nouvelle pour l'entreprise.",
7919,5,4,1,2,2,1,1,"La seule mention de BNP Paribas dans l'article est : 'AXA IM Alts, filiale de BNP Paribas depuis le 1er juillet dernier, annonce avoir acquis, pour le compte de ses clients, une participation de 40% dans FiberPass'. Cette phrase mentionne BNP Paribas uniquement comme actionnaire d'AXA IM Alts, sans aucun fait concret spécifique à BNP Paribas ACT.A lui-même (pas de résultat financier, pas de contrat direct, pas de changement de stratégie). L'acquisition de FiberPass est annoncée par AXA IM Alts, pas par BNP Paribas. Aucun fait positif ou négatif concret n'est identifiable directement pour BNP Paribas ACT.A.","AXA IM Alts, filiale de BNP Paribas, a acquis une participation de 40% dans FiberPass, un opérateur de fibre optique en Espagne. Il s'agit d'un fait concret et spécifique d'expansion ou d'investissement stratégique par une filiale, ce qui est une bonne nouvelle.",
16900,18,4,1,2,2,2,1,"L'article mentionne des faits concrets concernant Safran (annonce d'un rachat de 500M€ d'actions, plan de 5Md€ sur 2025-2028, exécution de 1,4Md€ en 2025), mais ces informations sont neutres d'un point de vue financier. Un rachat d'actions n'est ni intrinsèquement positif ni négatif — c'est une opération de gestion du capital qui peut refléter une confiance dans la valorisation ou une allocation de trésorerie. Aucun fait concret positif (hausse de résultat, contrat, relèvement d'objectif) ni négatif (baisse, amende, avertissement) n'est identifiable. Il s'agit d'une annonce factuelle sans signal de performance ou de difficulté.","Safran a annoncé qu'il allait racheter jusqu'à 500 millions d'euros de ses propres actions, ce qui est un fait concret positif pour l'entreprise et ses actionnaires.",
18081,15,2,1,2,1,1,1,"La phrase 'TotalEnergies et Bapco Energies créent BxT Trading' est une mention factuelle d'une création de partenariat/joint-venture, mais elle ne contient aucun élément concret permettant d'évaluer l'impact positif ou négatif pour TotalEnergies (pas de détails sur les termes, les enjeux financiers, les perspectives, ou les implications). Il s'agit d'une simple annonce structurelle sans contexte évaluatif. Le reste de l'article concerne le marché général (baisse du CAC 40, contexte géopolitique) sans information spécifique à TotalEnergies.","La phrase 'TotalEnergies et Bapco Energies créent BxT Trading' est un fait concret et spécifique à TotalEnergies, indiquant la création d'une nouvelle entité de trading, ce qui est généralement perçu comme une expansion stratégique et une opportunité commerciale positive pour l'entreprise.",
9898,28,2,1,2,2,2,2,"Saint-Gobain est mentionné une seule fois dans l'article : 'partagée entre les hausses de Saint-Gobain (2,8%)'. Il s'agit d'une simple citation factuelle du mouvement de cours du titre (+2,8%) dans un contexte de bilan de marché global. Aucun fait concret spécifique à Saint-Gobain n'est fourni (pas de résultat, contrat, annonce, recommandation d'analyste, etc.). Le mouvement de cours seul, sans contexte explicatif, ne constitue pas un fait concret positif ou négatif au sens de l'analyse fondamentale.","L'article mentionne une 'hausse de Saint-Gobain ( 2,8%)', ce qui est un fait concret et spécifique de bonne nouvelle pour l'entreprise (augmentation de la valeur de l'action).",
9705,13,2,1,2,2,1,1,"Soitec est mentionné une seule fois dans l'article : 'STMicroelectronics, Soitec et ASM International avancent de 1,41% et 4,34%, profitant de la bonne tenue du secteur technologique après que l'agence Bloomberg a rapporté que le fabricant chinois de puces Cambricon envisage de tripler sa production en 2026 pour remplacer Nvidia sur le marché chinois de l'intelligence artificielle (IA).' Il s'agit d'une citation factuelle de mouvement de cours (+1,41%) lié à la bonne tenue générale du secteur technologique, sans fait concret spécifique à Soitec (pas de contrat, pas de résultat, pas de recommandation d'analyste, pas d'annonce propre à l'entreprise). La hausse est attribuée au contexte sectoriel général, non à une actualité propre à Soitec.","La phrase indique que 'Soitec [...] avancent de [...] 4,34%', ce qui est un fait concret et spécifique de hausse de la valeur boursière de l'entreprise.",
3774,34,2,1,2,2,1,1,"ENGIE est mentionnée une seule fois dans l'article : 'Seules une poignée de valeurs sont dans le vert cet après-midi à Paris, et encore avec des gains limités : URW gagne 1,8% devant Engie (+0,9%), Véritas et Vinci +0,7%.' Il s'agit d'une simple citation du mouvement de cours (+0,9%) dans un contexte de marché général, sans aucun fait concret spécifique à ENGIE (pas de résultats, pas de contrat, pas d'annonce stratégique, pas de changement de notation). C'est un mouvement de marché factuel mais non informatif sur la situation fondamentale de l'entreprise.","Le fait concret positif identifié est 'Engie (+0,9%)', indiquant une hausse de la valeur de l'action de l'entreprise.",
15533,24,2,1,2,1,1,1,"Thales est mentionné une seule fois dans l'article : 'soutenue par Eurofins Scientific (6,7%), Thales (3,9%) ou encore Schneider Electric (1,3%)'. Il s'agit d'une simple citation factuelle du mouvement de cours (+3,9%) dans un contexte de hausse générale du CAC40. Aucun fait concret spécifique à Thales n'est fourni (pas de contrat, pas de résultat, pas de note d'analyste, pas de développement positif ou négatif). C'est un mouvement de marché général sans information substantielle sur l'entreprise.","La phrase identifiée mentionne que Thales est en hausse de 3,9%, ce qui est un fait concret et spécifique de performance positive pour l'entreprise.",
15036,2,2,1,2,2,1,1,"Airbus est mentionné une seule fois dans l'article : 'L'indice parisien s'arroge 0,7%, vers 8.205 points, soutenu par STMicro (5,4%), Airbus (2,5%) ou encore Safran (3%).' Il s'agit d'une simple citation du mouvement de cours du jour (+2,5%) dans un contexte de hausse générale du CAC40. Aucun fait concret spécifique à Airbus n'est fourni (pas de contrat, pas de résultat, pas d'annonce d'entreprise). C'est un mouvement de marché factuel sans information substantielle positive ou négative propre à l'entreprise.","L'article mentionne 'Airbus ( 2,5%)', indiquant une hausse de 2,5% du cours de l'action, ce qui constitue un fait concret et spécifique positif pour l'entreprise.",
15034,18,2,1,2,2,1,1,"Safran est mentionné une seule fois dans l'article : 'tirée par STMicro (4,5%), Safran (3,3%) ou encore Stellantis (3,3%)'. Il s'agit d'une simple citation factuelle du mouvement de cours (+3,3%) dans un contexte de hausse générale du CAC40. Aucun fait concret spécifique à Safran n'est fourni (pas de contrat, pas de résultat, pas d'annonce d'entreprise). La hausse du cours est un mouvement de marché général, non une information fondamentale positive propre à l'entreprise.","La phrase 'Safran ( 3,3%)' indique une hausse concrète et spécifique de 3,3% du cours de l'action Safran lors de la séance.",
11043,21,4,1,2,2,1,1,"CapGemini est mentionné une seule fois dans l'article : 'puis CapGemini et Carrefour (3,1%)'. Cette mention indique une hausse de cours de 3,1% en séance, mais il s'agit d'un simple mouvement de marché sans fait concret spécifique à l'entreprise (pas de résultat, contrat, annonce, ou événement particulier). La hausse est présentée comme une conséquence du contexte favorable du marché (décision de la Fed, dynamique haussière générale) plutôt que d'une nouvelle spécifique à CapGemini. Aucun fait concret positif ou négatif n'est identifiable pour justifier une note POSITIVE ou NEGATIVE.","La phrase indique que CapGemini a enregistré une hausse de 3,1%, ce qui est un fait concret et spécifique de performance boursière positive.",
20661,5,5,1,2,2,1,1,"L'article mentionne 'Bnp Paribas' dans un tableau listant les valeurs ayant atteint leur plus haut niveau sur 1 an, avec un cours de 92,50 et une variation de +44,13%. Cependant, il s'agit d'une simple citation factuelle dans un tableau de données de marché sans aucun fait concret spécifique à BNP PARIBAS ACT.A (pas d'annonce de résultats, de contrat, de décision stratégique, etc.). C'est un mouvement de marché général documenté sans contexte explicatif ou information fondamentale sur l'entreprise.","Bnp Paribas a atteint son plus haut niveau de valorisation sur une période de 1 an, avec une variation de +44,13% sur 1 an, ce qui est un fait concret et positif.",
25351,10,4,1,0,1,1,1,"La phrase concernant NEXANS mentionne la démission d'un administrateur (Oscar Hasbún Martínez) due à la réduction de participation du groupe chilien Invexans. Il s'agit d'un fait factuel, mais il n'y a aucun impact concret spécifié sur les résultats, la stratégie, les contrats ou la performance financière de NEXANS. C'est une information administrative sans conséquence positive ou négative clairement identifiable pour l'entreprise.","La démission d'Oscar Hasbún Martínez de son mandat d'administrateur, qui découle de la réduction de la participation du groupe chilien Invexans dans le capital de Nexans, est un fait concret négatif concernant la stabilité de la gouvernance et la confiance des investisseurs.",
10596,2,2,1,2,1,0,0,Airbus est mentionné une seule fois dans l'article : 'aux 72 appareils livrés par Airbus le mois dernier'. Il s'agit d'une simple citation factuelle comparative (Airbus a livré 72 appareils en octobre) utilisée comme point de référence pour contextualiser les performances de Boeing. Aucun fait concret positif ou négatif spécifique à Airbus n'est identifié. L'article porte exclusivement sur Boeing et ses difficultés de production.,"La phrase mentionne qu'Airbus a livré '72 appareils le mois dernier', un fait concret et spécifique. Ce chiffre est présenté en comparaison avec les livraisons inférieures de Boeing (44 en novembre, 53 en octobre), ce qui positionne implicitement Airbus comme ayant une performance de livraison supérieure à son concurrent principal, ce qui est une bonne nouvelle opérationnelle.",
5720,7,3,1,0,1,1,1,"L'article mentionne Carrefour mais rapporte uniquement un fait administratif neutre : le franchissement en baisse de seuils de participation par un concert d'investisseurs (passage sous 10% des droits de vote, sous 5% du capital et des droits de vote). Il s'agit d'une déclaration réglementaire à l'AMF suite à une cession d'actions. Aucun fait concret positif (hausse de résultat, contrat, relèvement d'objectif) ni négatif (baisse, amende, avertissement) spécifique à Carrefour n'est identifiable. C'est une information factuelle de marché sans impact opérationnel ou financier direct sur l'entreprise.","Le concert de sociétés a déclaré avoir franchi en baisse les seuils de 10% des droits de vote et 5% du capital et des droits de vote de Carrefour, suite à une cession d'actions Carrefour hors marché. La vente d'actions par un groupe d'actionnaires significatif est un fait concret négatif pour l'entreprise.",
4973,21,4,1,2,1,1,1,"Capgemini est mentionné une seule fois dans l'article : '+3,1% pour Capgemini' dans le contexte d'une hausse générale du CAC40. Il s'agit d'un simple mouvement de cours boursier sans aucun fait concret spécifique à l'entreprise (pas d'annonce de résultats, contrat, objectif, ou événement particulier). La hausse est attribuée au contexte général de marché (fin du shutdown américain, euphorie contagieuse des US) et non à une nouvelle spécifique à Capgemini. Aucun fait concret positif ou négatif identifiable.","L'article mentionne un gain de +3,1% pour Capgemini, ce qui est un fait concret et positif concernant la performance de l'action de l'entreprise.",
28694,15,4,1,2,2,1,2,"La phrase 'TotalEnergies prend 1,7% et tire ainsi son épingle du jeu sur le CAC 40, à la faveur de la hausse des cours de l'or noir' mentionne une hausse de cours de +1,7%, mais cette progression est explicitement attribuée à un facteur externe (hausse des cours du pétrole) et non à un fait concret spécifique à TotalEnergies (résultats, contrat, objectifs relevés, etc.). Il s'agit d'un mouvement de marché mécanique lié à la corrélation secteur/matière première, sans information fondamentale propre à l'entreprise.","TotalEnergies prend 1,7% et tire ainsi son épingle du jeu sur le CAC 40, ce qui constitue un fait concret et spécifique de performance positive pour l'entreprise.",
16505,13,5,1,0,2,2,1,"L'article mentionne plusieurs faits concernant Soitec, mais ils se neutralisent : d'un côté, un signal POSITIF concret (nomination de Laurent Rémont saluée par les investisseurs, progression de 8% du titre), de l'autre, des signaux NÉGATIFS concrets (chute de 73% de la capitalisation en 2025, succession d'avertissements sur résultats, baisse anticipée des ventes en 2026, contraction des marges, faiblesse du fab loading). L'article conclut que 'la situation de la société demeure spéculative' et que 'cette nomination ne modifie pas à court terme les fondamentaux opérationnels'. Les éléments positifs et négatifs s'annulent exactement, justifiant une notation NEUTRAL.","L'article mentionne des faits concrets négatifs spécifiques à SOITEC : 'une succession d’avertissements sur résultats et une chute de près de 73% de la capitalisation boursière' et 'Les analystes anticipent une poursuite de la baisse des ventes sur l’exercice 2026, avec une contraction marquée des marges'.",
22369,27,8,1,2,2,1,2,"L'article contient des faits concrets spécifiques à EssilorLuxottica, mais ils se compensent exactement : (1) POSITIF : chiffre d'affaires en hausse de 11,2% à taux de change constants, accélération au Q4 (18,4%), dépassement du consensus, ventes de lunettes IA à 7M+ unités, cash-flow libre record de 2,8Mds€, dividende en hausse. (2) NÉGATIF : bénéfice net en repli de 1,9%, marge opérationnelle ajustée en baisse de 70 points de base (16% vs 16,7% en 2024), impact négatif des droits de douane américains et des lunettes IA. Les signaux positifs (croissance, cash-flow, dividende) et négatifs (baisse du bénéfice net, compression de marge) s'annulent, justifiant une notation NEUTRAL.","EssilorLuxottica a publié un chiffre d'affaires en hausse de 7,5% (11,2% à taux de change constants) à 28,49 milliards d'euros, dépassant le consensus FactSet. Le groupe a également enregistré une accélération de sa croissance au quatrième trimestre (+18,4% à taux de change constants, dépassant les attentes de 10,7%), a dégagé un cash-flow libre record de 2,8 milliards d'euros (en hausse de 400 millions d'euros), et propose un dividende en légère hausse. De plus, il prévoit une 'croissance soutenue' de son chiffre d'affaires et de son résultat opérationnel ajusté sur les cinq prochaines années.",
26106,13,6,1,0,2,1,1,"L'article mentionne Soitec Silicon uniquement dans un contexte de volumes d'échanges anormaux (+93% par rapport aux 5 séances précédentes) et de mouvement de prix (-2,44% le jour même). Il s'agit d'une observation factuelle de marché sans aucun fait concret spécifique à l'entreprise (pas d'annonce de résultats, contrat, objectif, note d'analyste, ou événement négatif). Le contenu est purement statistique et technique, sans information fondamentale sur Soitec.","L'article mentionne une 'Variation jour' de -2,44% pour Soitec Silicon, ce qui constitue un fait concret et spécifique de baisse du cours de l'action.",
14260,24,2,1,2,2,1,2,"Thales est mentionné à trois reprises dans l'article, mais uniquement dans des contextes factuels sans information spécifique positive ou négative : (1) rappel que Thales ne faisait plus partie du CAC 40 en 2021 selon une prédiction antérieure, (2) constatation que Thales s'est maintenu dans l'indice et a gagné plus de 200% depuis 2021 grâce au secteur de la défense (contexte général lié à la guerre en Ukraine et aux budgets militaires), (3) mention de Thales comme composant du CAC 40 en 2030 selon ChatGPT. Aucun fait concret spécifique à Thales (contrat, résultat, objectif, note d'analyste) n'est rapporté. Les gains de 200% sont attribués au secteur de la défense en général, non à une performance ou annonce spécifique de Thales.","Thales s'est maintenu dans l'indice phare parisien et a même gagné plus de 200%* depuis 2021. De plus, Thales est la deuxième meilleure performance de l'indice en 2025.",
16909,2,3,1,2,0,1,1,"L'article mentionne Airbus uniquement dans une phrase comparative : 'Ce rebond n'a toutefois pas permis au groupe de rattraper son rival européen Airbus, qui a remis 793 avions à leurs propriétaire en 2025 et 136 en décembre.' Il s'agit d'une simple citation factuelle du volume de livraisons d'Airbus, sans aucun fait concret positif ou négatif spécifique à Airbus lui-même (pas de contrat, pas de changement de résultats, pas d'amende, pas de dégradation). C'est un mouvement de marché comparatif sans information substantielle sur Airbus.","La phrase indique qu'Airbus a remis 793 avions à leurs propriétaires en 2025 et 136 en décembre, et que Boeing n'a pas réussi à 'rattraper son rival européen Airbus', ce qui constitue un fait concret positif de performance supérieure pour Airbus.",
16173,34,3,1,2,2,1,1,"L'article mentionne la mise en œuvre du programme de rachat d'actions d'ENGIE (2,2 millions d'actions sur 10 jours à partir du 12 janvier, prix max 30€). Il s'agit d'un fait concret spécifique à ENGIE, mais c'est une action administrative/financière neutre en elle-même : un rachat d'actions est une opération courante de gestion du capital qui n'indique ni amélioration ni dégradation de la situation financière ou opérationnelle de l'entreprise. Aucun élément positif (hausse de résultat, contrat gagné, relèvement d'objectif) ni négatif (baisse, perte, amende, avertissement) n'est présent.","Engie a annoncé la mise en oeuvre de son programme de rachat d'actions, ce qui est un fait concret positif pour l'entreprise et ses actionnaires, signalant souvent une confiance dans la valeur de l'action et pouvant soutenir le cours.",
29943,1,2,1,2,2,1,2,"Air Liquide est mentionné une seule fois dans l'article : 'Le principal indice parisien a été soutenu par Stellantis (3,41%), Air Liquide (2,17%), Carrefour (2,17%) et STMicroelectronics (1,89%).' Il s'agit d'une simple citation factuelle du mouvement de cours (+2,17%) dans un contexte de marché général, sans aucun fait concret spécifique à l'entreprise (pas de contrat, résultat, recommandation d'analyste, ou événement corporate). Le mouvement de cours seul, sans contexte explicatif, ne constitue pas un fait concret positif ou négatif.","L'article mentionne qu'Air Liquide a enregistré une hausse de 2,17% de son cours de bourse et a 'soutenu' le principal indice parisien, ce qui constitue un fait concret et spécifique de performance positive pour l'entreprise.",
18011,26,3,1,2,2,1,1,"L'article mentionne Dassault Aviation mais ne contient aucun fait concret spécifique à l'entreprise. Le texte se limite à une analyse technique du cours de bourse (prix, niveaux de résistance, projection graphique) et à une spéculation générale sur les tensions géopolitiques. Aucune information concrète sur les résultats, contrats, performances ou événements spécifiques à Dassault Aviation n'est fournie. Il s'agit d'une analyse de marché sans fondamental.","L'article mentionne que ""Dassault Aviation retrace son record absolu à 330,2E"", ce qui est un fait concret et positif concernant la performance de l'action de l'entreprise.",
12085,19,2,1,0,1,1,1,La phrase mentionnant Sanofi ('Sanofi : Sanofi prévient d'un retard dans une décision de la FDA pour …') est tronquée et incomplète. Aucun fait concret spécifique à Sanofi ne peut être identifié à partir du texte fourni. Il s'agit d'une simple mention/titre sans détail substantiel permettant d'évaluer le caractère positif ou négatif de l'information.,"Sanofi prévient d'un retard dans une décision de la FDA, ce qui constitue un fait concret négatif pour l'entreprise.",
9325,2,3,1,2,2,1,2,"L'article mentionne Airbus mais ne contient aucun fait concret spécifique positif ou négatif. Il s'agit d'une opinion d'analyste (Oddo BHF maintient sa note 'surperformance' et son objectif de cours) sans annonce de résultats, contrat, ou événement factuel. Les problèmes de qualité sur les panneaux de fuselage sont mentionnés mais présentés comme un contexte général sans impact chiffré. Les projections futures (TMVA, FCF) sont des estimations, pas des faits concrets réalisés. Le sentiment global est positif mais sans fondement factuel concret justifiant une note POSITIVE.","L'analyste Oddo BHF réitère son opinion 'surperformance' et son objectif de cours de 236 euros sur Airbus, et table sur un solide profil de croissance avec un TMVA 2024-28 des BPA de 24% et un FCF cumulé de 28 MdsEUR, considérant que le recul du titre est 'exagéré' malgré des problèmes de qualité.",
9452,33,6,1,2,2,2,2,"L'article mentionne la finalisation du Shareplan 2025 d'AXA avec une participation de 42 000 collaborateurs et une souscription de 435 millions d'euros. Bien que ces informations soient factuelles et spécifiques à AXA, elles ne constituent ni une bonne nouvelle concrète (pas de hausse de résultat, contrat gagné, ou relèvement d'objectif) ni une mauvaise nouvelle concrète (pas de baisse, perte, amende ou dégradation). Il s'agit d'une annonce opérationnelle neutre concernant un programme d'actionnariat salarié, sans impact positif ou négatif clairement identifiable pour la performance ou la situation financière de l'entreprise.","L'article mentionne qu'AXA ""a annoncé avoir finalisé avec succès son offre d'actionnariat salarié"" et que ""la souscription totale au Shareplan 2025 s'élève à environ 435 millions d'euros"", ce qui constitue un fait concret positif spécifique à l'entreprise.",
16910,19,3,1,0,1,1,1,"L'article ne contient aucun fait concret spécifique à Sanofi (résultats financiers, contrats, amendes, dégradation opérationnelle, etc.). Il s'agit uniquement d'une analyse technique de cours boursier mentionnant des niveaux de support et des scénarios de prix. Ces mouvements de prix sont des phénomènes de marché généraux, non des faits concrets positifs ou négatifs propres à l'entreprise. Absence de fait concret → NEUTRAL.","L'article indique que ""Sanofi menace de casser le support des 80E"", ce qui est un fait concret d'analyse technique préfigurant une potentielle baisse du cours de l'action, et mentionne une ""rechute vers 79E puis 77,5E"" si ce support n'est pas préservé.",
9301,5,4,1,2,2,1,1,"BNP Paribas est mentionné une seule fois dans l'article : 'le secteur bancaire reste largement en tête avec +2,2% pour Société Générale et BNP Paribas'. Il s'agit d'une simple citation factuelle d'une hausse de cours (+2,2%), mais sans aucun fait concret spécifique à l'entreprise (pas de résultat, contrat, annonce, dégradation ou amélioration propre à BNP Paribas). C'est un mouvement de marché général du secteur bancaire, non une information spécifique à BNP Paribas ACT.A. Absence de fait concret positif ou négatif → NEUTRAL.","BNP Paribas est mentionné avec une hausse de +2,2%, ce qui est un fait concret et positif pour l'entreprise.",
5357,21,4,1,2,2,1,2,"Capgemini est mentionné une seule fois dans l'article : 'Capgemini (+2,5%) complète le podium du jour'. Cette mention rapporte uniquement une hausse de cours de +2,5% dans un contexte de marché global positif (CAC 40 en hausse de 1,04%). Il n'y a aucun fait concret spécifique à Capgemini (pas de contrat annoncé, pas de résultat, pas de décision d'analyste, pas d'événement corporate). La hausse du cours est un simple mouvement de marché général sans information fondamentale propre à l'entreprise. Absence de fait concret positif ou négatif = NEUTRAL.","La phrase identifiée est : 'Capgemini (+2,5%) complète le podium du jour.' La hausse de 2,5% du cours de l'action est un fait concret et spécifique à Capgemini, constituant une bonne nouvelle pour l'entreprise et ses actionnaires, et la plaçant parmi les meilleures performances du jour.",
279,24,2,1,2,2,1,1,"Thales est mentionné une seule fois : 'Thales (+3,4%)'. Cette mention est purement factuelle et reflète un mouvement de cours boursier dans un contexte de hausse générale du CAC 40. Il n'y a aucun fait concret spécifique à Thales (contrat, résultat, annonce, dégradation, etc.). La hausse de 3,4% est un simple mouvement de marché sans information fondamentale propre à l'entreprise. Absence de fait concret positif ou négatif → NEUTRAL.","Thales a enregistré une hausse de 3,4% de son cours de bourse, ce qui est un fait concret et spécifique de bonne nouvelle pour l'entreprise.",
22238,15,6,1,0,1,1,1,"L'article mentionne TOTALENERGIES à plusieurs reprises, mais uniquement dans un contexte comparatif avec d'autres majors pétrolières (BP, Shell, Equinor). Les faits concrets concernant TOTALENERGIES sont : (1) réduction des rachats d'actions de 2 milliards à 1,5 milliard de dollars au Q4, (2) prévision de rachats entre 750 millions et 1,5 milliard de dollars par trimestre en 2026, (3) ratio de gearing de 17,3% à fin septembre. Ces informations ne constituent ni une bonne nouvelle (pas de hausse de résultats, pas de contrat gagné, pas de relèvement d'objectif) ni une mauvaise nouvelle (pas de baisse spécifique, pas d'amende, pas de dégradation). Il s'agit d'une simple citation factuelle dans un contexte de comparaison sectorielle, sans signal positif ou négatif concret spécifique à TOTALENERGIES.","TotalEnergies ""a apporté un coup de canif à sa politique de retour à l'actionnaire dès septembre dernier, de sorte à freiner la hausse de son endettement"" et ""a réduit la voilure à 1,5 milliard de dollars"" pour ses rachats de titres au quatrième trimestre, avec une prévision de réduction supplémentaire pour 2026. Ces faits concrets de réduction des retours aux actionnaires en raison de l'endettement constituent une mauvaise nouvelle spécifique à l'entreprise.",
28531,2,12,1,2,1,1,1,"L'article contient plusieurs mentions d'Airbus mais aucun fait concret positif ou négatif spécifique à l'entreprise. Les éléments présents sont : (1) une baisse de cours de 15,3% depuis le début de l'année - mouvement de marché général, non une mauvaise nouvelle opérationnelle ; (2) des perspectives 2026 décevantes annoncées le 19 février - déjà intégrées au marché et analysées rétrospectivement ; (3) des révisions d'analystes (Barclays en surpondération, Citi relevé à l'achat, Jefferies en conserver) - ce sont des opinions d'analystes, pas des faits concrets sur Airbus lui-même. L'article analyse les perspectives à long terme et les craintes des investisseurs sans annoncer de nouvel événement concret (contrat, résultat, amende, etc.). Les signaux positifs (perspectives 2028-2030, divisions défense/hélicoptères) et négatifs (retards de livraisons, problèmes Pratt & Whitney) s'annulent mutuellement dans une analyse équilibrée.","Citi a relevé son opinion à l'achat sur Airbus, contre 'neutre' précédemment, et Barclays a réitéré son conseil à 'surpondérer' avec un objectif de cours à 220 euros, soulignant un potentiel de 30% et prévoyant une progression du résultat opérationnel de 45% entre 2026 et 2028.",
20854,5,5,1,2,1,1,1,"L'article mentionne 'Bnp Paribas' dans une liste de valeurs ayant atteint leur plus haut niveau de valorisation sur 5 ans (cours de 93,69€, variation +122,94%). Cependant, il s'agit d'une simple citation factuelle dans un tableau de données de marché sans aucune information spécifique, concrète ou nouvelle concernant BNP PARIBAS ACT.A (pas d'annonce de résultats, de contrat, de décision stratégique, etc.). C'est un mouvement de marché général documenté, pas une nouvelle spécifique à l'entreprise.","L'article mentionne que 'Bnp Paribas' a atteint son 'plus haut niveau de valorisation sur une période de 5 ans' lors de la séance du mardi 3 février 2026, ce qui est un fait concret et positif pour l'action.",
24104,2,3,1,0,2,1,1,"Les phrases concernant Airbus mentionnent des ajustements de cibles de cours par des analystes (Deutsche Bank : 226€ au lieu de 250€ ; Royal Bank of Canada : 225€ au lieu de 235€), avec maintien des recommandations d'achat/surperformance. Ces ajustements représentent des baisses de cibles, mais sans contexte explicatif (révision de résultats, perte de contrat, etc.). Il s'agit de simples mouvements de recommandations d'analystes sans fait concret positif ou négatif spécifique à la performance ou à la situation d'Airbus. Aucun élément factuel substantiel (résultat, contrat, amende, etc.) n'est identifiable.",Deutsche Bank ajuste sa cible à 226 euros contre 250 euros et Royal Bank of Canada abaisse son objectif de cours à 225 euros contre 235 euros. Ces baisses d'objectifs de cours sont des faits concrets négatifs pour Airbus.,
19967,12,3,1,2,2,2,2,"Schneider Electric est mentionné comme bénéficiant d'une 'lecture croisée positive' (readacross) suite aux excellents résultats d'ABB, son comparable boursier. L'action monte de 3,6%. Cependant, il n'existe AUCUN fait concret spécifique à Schneider Electric lui-même : pas de résultats publiés, pas de contrat annoncé, pas de chiffre de commandes ou de revenus. La hausse est purement mécanique, basée sur l'analogie sectorielle avec ABB. L'article précise explicitement que Schneider Electric 'communiquera ses résultats le 16 février prochain'. Il s'agit d'un mouvement de marché induit par un tiers, sans information substantielle propre à l'entreprise.","La phrase ""Schneider Electric (+3,6%)"" indique une hausse concrète et spécifique du cours de l'action de Schneider Electric, ce qui constitue une bonne nouvelle pour l'entreprise et ses actionnaires.",
2701,10,5,2,1,2,2,2,"Faits concrets positifs spécifiques à Nexans identifiés : (1) 'chiffre d'affaires en hausse' au T3 2025 ; (2) 'réaffirmation des objectifs pour 2025' avec marge d'EBITA ajustée 6-8% et cash-flow libre >600M€ ; (3) 'segments câbles haute tension et électrification continuent de tirer la croissance' ; (4) 'nettement améliorer les marges et réduire la cyclicité du groupe' sous la direction de Christopher Guérin ; (5) 'résultats ont été assez bien accueillis par le marché'. Ces éléments constituent des bonnes nouvelles concrètes et spécifiques à l'entreprise, malgré les préoccupations techniques et défis mentionnés par ailleurs.","L'article mentionne des faits concrets positifs tels que ""Nexans a publié un chiffre d’affaires en hausse"" et que le recentrage ""a permis de nettement améliorer les marges"". Cependant, il présente également des faits concrets négatifs concernant le comportement de l'action et sa valorisation, comme ""la valorisation devient plus exigeante, laissant entrevoir un potentiel plus mesuré à court terme"" et ""Nexans corrige depuis plusieurs semaines à l'intérieur d'un canal baissier"". La présence simultanée de ces signaux concrets positifs (performance financière) et négatifs (valorisation et analyse technique du titre) conduit à un sentiment NEUTRAL, car ils s'annulent mutuellement dans l'évaluation globale.",
14260,1,2,2,1,2,1,1,"Fait concret positif spécifique à Air Liquide identifié. L'article cite Frédéric Rozier (spécialiste de marché chez Mirabaud) affirmant : 'Air Liquide sera un acteur important grâce à l'hydrogène et à sa capacité à développer des énergies propres, qui viendront pallier le déficit en énergies avec les besoins toujours plus énergivores de l'IA'. De plus, ChatGPT estime qu'Air Liquide conservera sa place dans le CAC 40 en 2030. Ces éléments constituent des signaux positifs concrets sur les perspectives de l'entreprise liées à des tendances structurelles (hydrogène, énergies propres, IA).","Les mentions d'Air Liquide dans l'article sont soit une simple inclusion dans une liste de prédictions pour le CAC 40 en 2030, soit une projection qualitative d'un spécialiste sur son rôle futur ('Air Liquide sera un acteur important grâce à l’hydrogène et à sa capacité à développer des énergies propres'). Aucune de ces phrases ne contient un fait concret et spécifique à Air Liquide qui soit une bonne nouvelle (hausse de résultat, contrat gagné, relèvement d'objectif, note d'analyste améliorée) ou une mauvaise nouvelle (baisse, perte, amende, dégradation).",
5599,7,20,2,1,2,2,2,"Fait concret positif spécifique à Carrefour : (1) L'action Carrefour grimpe de 1,81% le jour de l'annonce, figurant parmi les plus fortes hausses du CAC 40. (2) Arrivée de la famille Saadé au capital (4% via Carrix), actionnaire de référence de qualité. (3) Sortie ordonnée de la famille Diniz sans ABB (accelerated bookbuilding) ni décote importante, ce qui évite une dilution négative redoutée par le marché. Un analyste confirme explicitement que cette sortie 'ordonnée' justifie la progression de l'action. Ces éléments constituent des bonnes nouvelles concrètes pour Carrefour.","L'article mentionne des faits concrets positifs pour Carrefour, notamment une hausse de 1,81% de son action suite à la recomposition de son capital et l'absence d'une opération de vente accélérée (ABB) pour la sortie de la famille Diniz. Cependant, il contient également des faits concrets négatifs, citant l'analyse d'Oddo BHF selon laquelle 'la situation en France reste challenging (difficile, NDLR) et les dernières tendances au Brésil ne sont pas encourageantes (ces deux pays représentant environ 80% du résultat opérationnel du groupe…)'. Ces signaux concrets positifs et négatifs, concernant des aspects différents (mouvement de marché ponctuel vs. situation opérationnelle fondamentale), s'annulent, conduisant à un sentiment neutre.",
12393,12,3,2,1,2,2,2,"Fait concret positif spécifique à Schneider Electric : l'équipementier a annoncé jeudi avoir finalisé le rachat des 35% du capital de sa coentreprise SEIPL (Schneider Electric India Private Limited) détenu par Temasek, pour 5,5 milliards d'euros. Il s'agit d'une acquisition stratégique concrétisée, représentant une consolidation du contrôle sur une filiale importante en Inde.","L'article rapporte la finalisation du rachat des 35% du capital de leur coentreprise par Schneider Electric, un fait concret mais qui n'est pas présenté comme une bonne ou une mauvaise nouvelle spécifique (hausse de résultat, contrat gagné, relèvement d'objectif, baisse, perte, amende, etc.) dans le texte. Il s'agit d'une information factuelle sur une opération d'entreprise sans jugement de valeur explicite.",
19966,14,7,2,1,2,2,2,"Plusieurs faits concrets positifs spécifiques à STMicroelectronics sont identifiés : (1) 'la société a publié des comptes supérieurs aux attentes' au T4 2025 ; (2) revenus de 3,329 milliards de dollars en progression séquentielle de 4,5% ; (3) marge brute de 35,2% ; (4) perspectives pour Q1 2026 de 3,04 milliards de dollars 'meilleures que la saisonnalité moyenne passée de -10/11%' et 'au-dessus du consensus pré-publication à 2,92 milliards' ; (5) 'Pour la première fois depuis deux ans, UBS pense que les résultats et les perspectives livrés par STMicro devraient pousser les analystes à relever leurs prévisions' (relèvement d'objectifs attendu). Ces faits concrets constituent des bonnes nouvelles malgré le retournement boursier en fin de séance.","L'article présente des faits concrets positifs et négatifs qui s'annulent. Côté positif, STMicroelectronics a publié des résultats globalement supérieurs aux attentes pour fin 2025 et sa prévision de revenus pour le T1 2026 dépasse les anticipations des analystes. Les revenus ont progressé de 4,5% en séquentiel et les projections de revenus et de marge brute pour le T1 2026 sont meilleures que le consensus. Côté négatif, le bénéfice par action (11 cents) est bien inférieur aux attentes (25 cents) et a été 'grevé par des éléments exceptionnels liés notamment à des dépréciations et des charges de restructuration'. De plus, la prévision de revenus pour le T1 2026 traduit une baisse de 8,9% en séquentiel, et la division Automobile a été inférieure aux attentes. L'action a ouvert en hausse de plus de 5% avant de se retourner à la baisse et de reculer de 1%, illustrant cette ambivalence.",
19959,19,11,2,1,2,1,2,"Plusieurs faits concrets positifs spécifiques à Sanofi sont identifiés : (1) Dupixent a progressé de 32,2% hors effets de changes à 4,25 milliards d'euros, dépassant le consensus de 4,09 milliards ; (2) le bénéfice net par action des activités a grimpé de 16,8% à 1,53 euros, surpassant le consensus de 1,4 euro ; (3) les revenus du Q4 2025 ont affiché une croissance de 13,3% à 11,3 milliards d'euros, dépassant les attentes ; (4) Sanofi a annoncé un programme de rachat d'actions de 1 milliard d'euros. Ces résultats supérieurs aux attentes des analystes constituent des bonnes nouvelles concrètes pour l'entreprise, malgré les revers cliniques antérieurs mentionnés dans l'article.","L'article présente des faits concrets positifs significatifs pour Sanofi, tels que des résultats du quatrième trimestre supérieurs aux attentes (croissance des revenus de 13,3%, croissance du BNPA de 16,8%, ventes de Dupixent en hausse de 32,2%), l'annonce d'un programme de rachats d'actions de 1 milliard d'euros et des perspectives de croissance positive. Cependant, il mentionne également des faits concrets négatifs importants, notamment une chute de 24% de l'action sur un an, de multiples revers sur les essais cliniques, une baisse de 7,7% du résultat opérationnel, et la perspective d'un 'patent cliff' pour Dupixent qui retranchera 17,3 milliards d'euros de revenus. La coexistence de ces signaux forts et contradictoires, qui s'équilibrent dans la narration de l'article, conduit à un sentiment neutre.",
423,3,10,2,0,2,2,0,"Fait concret positif spécifique à ALSTOM : nomination de Martin Sion comme nouveau directeur général à compter d'avril 2026. L'article identifie plusieurs éléments positifs concrets : (1) fin de la gestion de Henri Poupart-Lafarge qui avait 'perdu son crédit auprès des investisseurs' ; (2) formation d'une équipe de direction cohérente avec l'arrivée du 'trio d'anciens de Safran' (Sion, Petitcolin, Delpit) décrit comme une 'dream team' appréciée du marché ; (3) expérience pertinente de Sion en management de projets complexes transférable au ferroviaire. Bien que la Bourse réagisse avec modération (+0,4%), l'article qualifie explicitement cette nomination de 'bonne nouvelle' et identifie des signaux positifs concrets pour relancer l'action en baisse de 50% depuis Bombardier.","L'article mentionne plusieurs faits concrets négatifs pour Alstom, notamment un avertissement sur résultats en octobre 2023 ayant provoqué un plongeon de l'action de 37,6%, une chute de 17,3% en mai dernier suite à des perspectives de cash décevantes, et une baisse globale de 50% de l'action depuis janvier 2021. Ces faits l'emportent sur la légère hausse de 0,4% du titre le jour de la publication ou l'appréciation positive de la nomination du nouveau DG.",
2859,13,4,2,1,0,1,0,"Fait concret positif spécifique à SOITEC : JP Morgan relève son objectif de cours à 40 euros contre 35 euros précédemment. Cette augmentation de la cible de prix (+5 euros, soit +14,3%) constitue une amélioration de la note d'analyste, ce qui est une bonne nouvelle pour l'entreprise.","La phrase concernant Soitec indique que 'JP Morgan abaisse son objectif de cours à 40 euros contre 35 euros'. Le verbe 'abaisse' (diminue) suggère une nouvelle négative, mais les chiffres (passage de 35 euros à 40 euros) indiquent une augmentation de l'objectif de cours, ce qui serait positif. Cette contradiction interne empêche d'identifier un fait concret clairement positif ou négatif, les signaux s'annulant mutuellement.",
16705,5,7,2,1,2,1,1,"Fait concret positif spécifique à BNP Paribas : l'action 'Bnp Paribas' a atteint son plus haut niveau de valorisation sur 5 ans à 87,88€ avec une variation positive de 94,32% sur cette période. Ceci constitue une bonne nouvelle objective pour l'action.","BNP PARIBAS ACT.A n'est pas mentionné directement dans l'article. L'article fait référence à 'Bnp Paribas' (la banque) et à des ETF gérés par BNP Paribas, mais aucun fait concret positif ou négatif n'est identifiable pour l'entité spécifique 'BNP PARIBAS ACT.A'.",
26613,3,3,2,1,2,2,2,"Plusieurs faits concrets positifs spécifiques à Alstom sont identifiés : (1) 'carnet de commandes record qui dépasse désormais les 100 milliards d'euros' ; (2) 'prises de commandes de 9,6 milliards d'euros, plus du double de celles enregistrées un an plus tôt et largement au-dessus des attentes du marché' ; (3) 'commandes atteignent 20 milliards d'euros, en progression organique de plus de 34%' ; (4) 'chiffre d'affaires ressort à 13,9 milliards d'euros sur la période, soit une croissance organique de 7,2%'. Ces données chiffrées constituent des bonnes nouvelles concrètes pour l'entreprise. La déception sur les objectifs de trésorerie est mentionnée mais reste secondaire face à la dynamique commerciale solide documentée.","L'article présente des faits concrets positifs pour Alstom, tels qu'un ""carnet de commandes record qui dépasse désormais les 100 milliards d’euros"", des ""prises de commandes de 9,6 milliards d’euros, plus du double de celles enregistrées un an plus tôt et largement au-dessus des attentes du marché"", une ""progression organique de plus de 34%"" des commandes sur neuf mois, et une ""croissance organique de 7,2%"" du chiffre d'affaires. Cependant, il mentionne également des faits concrets négatifs : la direction a ""maintenu ses objectifs de flux de trésorerie disponible pour l’exercice dans une fourchette de 200 à 400 millions d’euros, ce qui a déçu une partie du marché"", le titre connaît une ""correction assez importante à court terme"" et il existe un ""risque [...] de revenir flirter avec les 23€"". De plus, l'article liste des défis pour Alstom, impliquant des faiblesses actuelles, comme ""améliorer durablement la génération de flux de trésorerie disponible"" et ""accroître les marges opérationnelles"". La présence simultanée de faits concrets positifs et négatifs significatifs conduit à un sentiment global neutre.",
25178,25,6,2,0,2,2,2,"Plusieurs faits concrets positifs spécifiques à Teleperformance SE : (1) L'entreprise 'atteint l'ensemble de ses objectifs financiers 2025' dans un environnement difficile ; (2) Chiffre d'affaires de 10 209 millions d'euros avec croissance des Core Services de +2,7% à données comparables ; (3) EBITA courant de 1 485 millions d'euros avec marge de 14,8% à taux de change constants ; (4) Résultat net de 497 millions d'euros ; (5) Cash-flow net disponible record de 901 millions d'euros ; (6) Augmentation du dividende proposée à 4,50€ par action (vs 4,20€ précédemment) ; (7) Objectifs 2026-2028 ambitieux avec retour à croissance +4% à +6% et génération de 3 milliards d'euros de cash-flow cumulé. La nomination d'un expert en IA renforce également la stratégie de transformation positive.","Le groupe prévoit une croissance du chiffre d’affaires comprise entre 0 % et +2 % pour 2026, avec un premier trimestre attendu en dessous de la tendance annuelle. Le cash-flow net disponible est attendu entre 800 et 850 millions d’euros en 2026, soit une baisse par rapport aux 901 millions d'euros de 2025. De plus, des coûts de restructuration estimés entre 70 et 90 millions d’euros sont attendus en 2026 et les Services Spécialisés ont reculé de -9,3 % à données comparables en raison du non-renouvellement d’un contrat significatif.",
